event-id,visible,timestamp,location-long,location-lat,acceleration-x,acceleration-y,acceleration-z,gps:activity-count,comments,external-temperature,gps:satellite-count,ground-speed,gsm:gsm-signal-strength,height-above-ellipsoid,import-marked-outlier,tag-voltage,sensor-type,individual-taxon-canonical-name,tag-local-identifier,individual-local-identifier,study-name
6573117544,true,2018-06-11 00:00:00.000,-122.000833,38.193016,,,,,"SIMP07",34.0,,,,,false,4140.0,"gps","Circus cyaneus","48531091438","SIMP 07","Northern Harrier (Breeding), Suisun Marsh"
6573117545,true,2018-06-11 01:00:00.000,-122.002616,38.195149,,,,,"SIMP07",32.0,,,,,false,4140.0,"gps","Circus cyaneus","48531091438","SIMP 07","Northern Harrier (Breeding), Suisun Marsh"
6573084747,true,2018-06-11 02:02:00.000,-122.001666,38.192583,,,,,"SIMP07",26.0,,,,,false,4140.0,"gps","Circus cyaneus","48531091438","SIMP 07","Northern Harrier (Breeding), Suisun Marsh"
6573084748,true,2018-06-11 03:00:00.000,-122.000716,38.192649,,,,,"SIMP07",23.0,,,,,false,4140.0,"gps","Circus cyaneus","48531091438","SIMP 07","Northern Harrier (Breeding), Suisun Marsh"
6573084749,true,2018-06-11 04:00:00.000,-122.002583,38.195066,,,,,"SIMP07",19.0,,,,,false,4140.0,"gps","Circus cyaneus","48531091438","SIMP 07","Northern Harrier (Breeding), Suisun Marsh"
6573084750,true,2018-06-11 12:00:00.000,-122.002683,38.195066,,,,,"SIMP07",23.0,,,,,false,4140.0,"gps","Circus cyaneus","48531091438","SIMP 07","Northern Harrier (Breeding), Suisun Marsh"
6573798555,true,2018-06-29 19:02:00.000,-122.00495,38.198083,,,,,"SIMP07",39.0,,,,,false,4160.0,"gps","Circus cyaneus","48531091438","SIMP 07","Northern Harrier (Breeding), Suisun Marsh"
6573798556,true,2018-06-29 20:00:00.000,-121.996266,38.225866,,,,,"SIMP07",55.0,,,,,false,4160.0,"gps","Circus cyaneus","48531091438","SIMP 07","Northern Harrier (Breeding), Suisun Marsh"
6573798557,true,2018-06-29 21:00:00.000,-122.0106,38.223916,,,,,"SIMP07",35.0,,,,,false,4160.0,"gps","Circus cyaneus","48531091438","SIMP 07","Northern Harrier (Breeding), Suisun Marsh"
6573798558,true,2018-06-29 22:00:00.000,-121.995333,38.189049,,,,,"SIMP07",40.0,,,,,false,4160.0,"gps","Circus cyaneus","48531091438","SIMP 07","Northern Harrier (Breeding), Suisun Marsh"
6573798559,true,2018-06-29 23:02:00.000,-121.983533,38.197666,,,,,"SIMP07",38.0,,,,,false,4160.0,"gps","Circus cyaneus","48531091438","SIMP 07","Northern Harrier (Breeding), Suisun Marsh"
6573798560,true,2018-06-30 00:00:00.000,-121.982633,38.188366,,,,,"SIMP07",39.0,,,,,false,4160.0,"gps","Circus cyaneus","48531091438","SIMP 07","Northern Harrier (Breeding), Suisun Marsh"
6573798561,true,2018-06-30 01:00:00.000,-121.97685,38.185466,,,,,"SIMP07",36.0,,,,,false,4160.0,"gps","Circus cyaneus","48531091438","SIMP 07","Northern Harrier (Breeding), Suisun Marsh"
6573798562,true,2018-06-30 02:00:00.000,-121.9807,38.2029,,,,,"SIMP07",31.0,,,,,false,4160.0,"gps","Circus cyaneus","48531091438","SIMP 07","Northern Harrier (Breeding), Suisun Marsh"
6573798563,true,2018-06-30 03:02:00.000,-122.000283,38.193066,,,,,"SIMP07",29.0,,,,,false,4110.0,"gps","Circus cyaneus","48531091438","SIMP 07","Northern Harrier (Breeding), Suisun Marsh"
6573798564,true,2018-06-30 04:00:00.000,-122.001016,38.195133,,,,,"SIMP07",25.0,,,,,false,4110.0,"gps","Circus cyaneus","48531091438","SIMP 07","Northern Harrier (Breeding), Suisun Marsh"
6573798565,true,2018-06-30 12:00:00.000,-122.001616,38.196733,,,,,"SIMP07",21.0,,,,,false,4110.0,"gps","Circus cyaneus","48531091438","SIMP 07","Northern Harrier (Breeding), Suisun Marsh"
6573798566,true,2018-06-30 13:00:00.000,-122.000783,38.195199,,,,,"SIMP07",21.0,,,,,false,4110.0,"gps","Circus cyaneus","48531091438","SIMP 07","Northern Harrier (Breeding), Suisun Marsh"
6573798567,true,2018-07-07 17:02:00.000,-121.991566,38.2142,,,,,"SIMP07",35.0,,,,,false,4160.0,"gps","Circus cyaneus","48531091438","SIMP 07","Northern Harrier (Breeding), Suisun Marsh"
6573798568,true,2018-07-07 18:00:00.000,-122.00115,38.192983,,,,,"SIMP07",50.0,,,,,false,4160.0,"gps","Circus cyaneus","48531091438","SIMP 07","Northern Harrier (Breeding), Suisun Marsh"
6573798569,true,2018-07-07 19:00:00.000,-122.0073,38.196633,,,,,"SIMP07",42.0,,,,,false,4160.0,"gps","Circus cyaneus","48531091438","SIMP 07","Northern Harrier (Breeding), Suisun Marsh"
6573798570,true,2018-07-07 20:00:00.000,-121.992299,38.2094,,,,,"SIMP07",39.0,,,,,false,4160.0,"gps","Circus cyaneus","48531091438","SIMP 07","Northern Harrier (Breeding), Suisun Marsh"
6573117546,true,2018-07-08 16:02:00.000,-122.0045,38.189033,,,,,"SIMP07",31.0,,,,,false,4160.0,"gps","Circus cyaneus","48531091438","SIMP 07","Northern Harrier (Breeding), Suisun Marsh"
6573117547,true,2018-07-08 17:00:00.000,-122.001583,38.191749,,,,,"SIMP07",37.0,,,,,false,4160.0,"gps","Circus cyaneus","48531091438","SIMP 07","Northern Harrier (Breeding), Suisun Marsh"
6573117548,true,2018-07-08 18:00:00.000,-122.005716,38.198116,,,,,"SIMP07",31.0,,,,,false,4160.0,"gps","Circus cyaneus","48531091438","SIMP 07","Northern Harrier (Breeding), Suisun Marsh"
6573117549,true,2018-07-08 19:00:00.000,-122.002666,38.203916,,,,,"SIMP07",33.0,,,,,false,4160.0,"gps","Circus cyaneus","48531091438","SIMP 07","Northern Harrier (Breeding), Suisun Marsh"
6573798551,true,2018-07-08 21:00:00.000,-122.008966,38.198766,,,,,"SIMP07",36.0,,,,,false,3890.0,"gps","Circus cyaneus","48531091438","SIMP 07","Northern Harrier (Breeding), Suisun Marsh"
6573798552,true,2018-07-08 22:00:00.000,-122.011633,38.196316,,,,,"SIMP07",38.0,,,,,false,3890.0,"gps","Circus cyaneus","48531091438","SIMP 07","Northern Harrier (Breeding), Suisun Marsh"
6573798553,true,2018-07-08 23:00:00.000,-122.028549,38.197883,,,,,"SIMP07",36.0,,,,,false,3890.0,"gps","Circus cyaneus","48531091438","SIMP 07","Northern Harrier (Breeding), Suisun Marsh"
6573798554,true,2018-07-09 00:01:00.000,-121.990466,38.211566,,,,,"SIMP07",35.0,,,,,false,3890.0,"gps","Circus cyaneus","48531091438","SIMP 07","Northern Harrier (Breeding), Suisun Marsh"
7761047574,true,2018-07-09 01:01:00.000,-121.999666,38.210266,,,,,"SIMP07",34.0,,,,,false,3770.0,"gps","Circus cyaneus","48531091438","SIMP 07","Northern Harrier (Breeding), Suisun Marsh"
7761047575,true,2018-07-09 02:00:00.000,-121.993949,38.209833,,,,,"SIMP07",30.0,,,,,false,3770.0,"gps","Circus cyaneus","48531091438","SIMP 07","Northern Harrier (Breeding), Suisun Marsh"
7761047576,true,2018-07-09 03:00:00.000,-121.984566,38.206083,,,,,"SIMP07",28.0,,,,,false,3770.0,"gps","Circus cyaneus","48531091438","SIMP 07","Northern Harrier (Breeding), Suisun Marsh"
7761047577,true,2018-07-09 04:00:00.000,-122.000916,38.193616,,,,,"SIMP07",22.0,,,,,false,3770.0,"gps","Circus cyaneus","48531091438","SIMP 07","Northern Harrier (Breeding), Suisun Marsh"
7761047550,true,2018-07-09 12:02:00.000,-122.0009,38.193683,,,,,"SIMP07",19.0,,,,,false,3780.0,"gps","Circus cyaneus","48531091438","SIMP 07","Northern Harrier (Breeding), Suisun Marsh"
7761047551,true,2018-07-09 13:00:00.000,-122.000033,38.195166,,,,,"SIMP07",18.0,,,,,false,3780.0,"gps","Circus cyaneus","48531091438","SIMP 07","Northern Harrier (Breeding), Suisun Marsh"
7761047552,true,2018-07-09 14:00:00.000,-121.999149,38.190816,,,,,"SIMP07",29.0,,,,,false,3780.0,"gps","Circus cyaneus","48531091438","SIMP 07","Northern Harrier (Breeding), Suisun Marsh"
7761047553,true,2018-07-09 15:00:00.000,-121.999183,38.193733,,,,,"SIMP07",34.0,,,,,false,3780.0,"gps","Circus cyaneus","48531091438","SIMP 07","Northern Harrier (Breeding), Suisun Marsh"
7761047546,true,2018-07-09 16:02:00.000,-121.992016,38.208716,,,,,"SIMP07",25.0,,,,,false,3840.0,"gps","Circus cyaneus","48531091438","SIMP 07","Northern Harrier (Breeding), Suisun Marsh"
7761047547,true,2018-07-09 17:00:00.000,-121.997616,38.193849,,,,,"SIMP07",56.0,,,,,false,3840.0,"gps","Circus cyaneus","48531091438","SIMP 07","Northern Harrier (Breeding), Suisun Marsh"
7761047548,true,2018-07-09 18:00:00.000,-121.997483,38.193566,,,,,"SIMP07",39.0,,,,,false,3840.0,"gps","Circus cyaneus","48531091438","SIMP 07","Northern Harrier (Breeding), Suisun Marsh"
7761047549,true,2018-07-09 19:00:00.000,-121.997266,38.193866,,,,,"SIMP07",42.0,,,,,false,3840.0,"gps","Circus cyaneus","48531091438","SIMP 07","Northern Harrier (Breeding), Suisun Marsh"
7761047562,true,2018-07-09 20:02:00.000,-122.0036,38.194683,,,,,"SIMP07",45.0,,,,,false,4070.0000000000005,"gps","Circus cyaneus","48531091438","SIMP 07","Northern Harrier (Breeding), Suisun Marsh"
7761047563,true,2018-07-09 21:00:00.000,-122.014933,38.194349,,,,,"SIMP07",40.0,,,,,false,4070.0000000000005,"gps","Circus cyaneus","48531091438","SIMP 07","Northern Harrier (Breeding), Suisun Marsh"
7761047564,true,2018-07-09 22:00:00.000,-122.004666,38.189899,,,,,"SIMP07",41.0,,,,,false,4070.0000000000005,"gps","Circus cyaneus","48531091438","SIMP 07","Northern Harrier (Breeding), Suisun Marsh"
7761047565,true,2018-07-09 23:00:00.000,-121.992433,38.204616,,,,,"SIMP07",38.0,,,,,false,4070.0000000000005,"gps","Circus cyaneus","48531091438","SIMP 07","Northern Harrier (Breeding), Suisun Marsh"
7761047554,true,2018-07-10 00:02:00.000,-122.024882,38.20405,,,,,"SIMP07",37.0,,,,,false,4160.0,"gps","Circus cyaneus","48531091438","SIMP 07","Northern Harrier (Breeding), Suisun Marsh"
7761047555,true,2018-07-10 01:00:00.000,-122.011466,38.196616,,,,,"SIMP07",34.0,,,,,false,4160.0,"gps","Circus cyaneus","48531091438","SIMP 07","Northern Harrier (Breeding), Suisun Marsh"
7761047556,true,2018-07-10 02:00:00.000,-122.010466,38.196966,,,,,"SIMP07",31.0,,,,,false,4160.0,"gps","Circus cyaneus","48531091438","SIMP 07","Northern Harrier (Breeding), Suisun Marsh"
7761047557,true,2018-07-10 03:00:00.000,-121.984566,38.20645,,,,,"SIMP07",32.0,,,,,false,4160.0,"gps","Circus cyaneus","48531091438","SIMP 07","Northern Harrier (Breeding), Suisun Marsh"
7761047582,true,2018-07-10 04:02:00.000,-121.997249,38.193799,,,,,"SIMP07",23.0,,,,,false,4120.0,"gps","Circus cyaneus","48531091438","SIMP 07","Northern Harrier (Breeding), Suisun Marsh"
7761047583,true,2018-07-10 12:00:00.000,-121.997183,38.193766,,,,,"SIMP07",20.0,,,,,false,4120.0,"gps","Circus cyaneus","48531091438","SIMP 07","Northern Harrier (Breeding), Suisun Marsh"
7761047584,true,2018-07-10 13:00:00.000,-121.997266,38.193733,,,,,"SIMP07",20.0,,,,,false,4120.0,"gps","Circus cyaneus","48531091438","SIMP 07","Northern Harrier (Breeding), Suisun Marsh"
7761047585,true,2018-07-10 14:00:00.000,-122.000433,38.192366,,,,,"SIMP07",33.0,,,,,false,4120.0,"gps","Circus cyaneus","48531091438","SIMP 07","Northern Harrier (Breeding), Suisun Marsh"
7761047538,true,2018-07-10 15:02:00.000,-122.000866,38.192399,,,,,"SIMP07",42.0,,,,,false,4160.0,"gps","Circus cyaneus","48531091438","SIMP 07","Northern Harrier (Breeding), Suisun Marsh"
7761047539,true,2018-07-10 16:00:00.000,-122.00165,38.192449,,,,,"SIMP07",36.0,,,,,false,4160.0,"gps","Circus cyaneus","48531091438","SIMP 07","Northern Harrier (Breeding), Suisun Marsh"
7761047540,true,2018-07-10 17:00:00.000,-122.012783,38.191333,,,,,"SIMP07",33.0,,,,,false,4160.0,"gps","Circus cyaneus","48531091438","SIMP 07","Northern Harrier (Breeding), Suisun Marsh"
7761047541,true,2018-07-10 18:00:00.000,-122.01355,38.206266,,,,,"SIMP07",37.0,,,,,false,4160.0,"gps","Circus cyaneus","48531091438","SIMP 07","Northern Harrier (Breeding), Suisun Marsh"
7761047542,true,2018-07-10 19:02:00.000,-121.984716,38.20665,,,,,"SIMP07",40.0,,,,,false,4160.0,"gps","Circus cyaneus","48531091438","SIMP 07","Northern Harrier (Breeding), Suisun Marsh"
7761047543,true,2018-07-10 20:00:00.000,-121.996916,38.193799,,,,,"SIMP07",51.0,,,,,false,4160.0,"gps","Circus cyaneus","48531091438","SIMP 07","Northern Harrier (Breeding), Suisun Marsh"
7761047544,true,2018-07-10 21:00:00.000,-121.996899,38.193749,,,,,"SIMP07",58.0,,,,,false,4160.0,"gps","Circus cyaneus","48531091438","SIMP 07","Northern Harrier (Breeding), Suisun Marsh"
7761047545,true,2018-07-10 22:00:00.000,-122.020166,38.191033,,,,,"SIMP07",42.0,,,,,false,4160.0,"gps","Circus cyaneus","48531091438","SIMP 07","Northern Harrier (Breeding), Suisun Marsh"
7761047558,true,2018-07-10 23:02:00.000,-122.011083,38.197083,,,,,"SIMP07",40.0,,,,,false,4130.0,"gps","Circus cyaneus","48531091438","SIMP 07","Northern Harrier (Breeding), Suisun Marsh"
7761047559,true,2018-07-11 00:00:00.000,-122.008966,38.198399,,,,,"SIMP07",37.0,,,,,false,4130.0,"gps","Circus cyaneus","48531091438","SIMP 07","Northern Harrier (Breeding), Suisun Marsh"
7761047560,true,2018-07-11 01:00:00.000,-122.007233,38.197999,,,,,"SIMP07",32.0,,,,,false,4130.0,"gps","Circus cyaneus","48531091438","SIMP 07","Northern Harrier (Breeding), Suisun Marsh"
7761047561,true,2018-07-11 02:00:00.000,-122.005633,38.195616,,,,,"SIMP07",31.0,,,,,false,4130.0,"gps","Circus cyaneus","48531091438","SIMP 07","Northern Harrier (Breeding), Suisun Marsh"
7761047566,true,2018-07-11 03:02:00.000,-122.005716,38.195533,,,,,"SIMP07",26.0,,,,,false,4090.0,"gps","Circus cyaneus","48531091438","SIMP 07","Northern Harrier (Breeding), Suisun Marsh"
7761047567,true,2018-07-11 04:00:00.000,-122.00095,38.193599,,,,,"SIMP07",24.0,,,,,false,4090.0,"gps","Circus cyaneus","48531091438","SIMP 07","Northern Harrier (Breeding), Suisun Marsh"
7761047568,true,2018-07-11 12:00:00.000,-122.000516,38.194299,,,,,"SIMP07",21.0,,,,,false,4090.0,"gps","Circus cyaneus","48531091438","SIMP 07","Northern Harrier (Breeding), Suisun Marsh"
7761047569,true,2018-07-11 13:00:00.000,-122.000066,38.194616,,,,,"SIMP07",19.0,,,,,false,4090.0,"gps","Circus cyaneus","48531091438","SIMP 07","Northern Harrier (Breeding), Suisun Marsh"
7761047570,true,2018-07-11 14:02:00.000,-121.999783,38.194133,,,,,"SIMP07",25.0,,,,,false,4170.0,"gps","Circus cyaneus","48531091438","SIMP 07","Northern Harrier (Breeding), Suisun Marsh"
7761047571,true,2018-07-11 15:00:00.000,-122.00055,38.194533,,,,,"SIMP07",34.0,,,,,false,4170.0,"gps","Circus cyaneus","48531091438","SIMP 07","Northern Harrier (Breeding), Suisun Marsh"
7761047572,true,2018-07-11 16:00:00.000,-122.000516,38.194866,,,,,"SIMP07",29.0,,,,,false,4170.0,"gps","Circus cyaneus","48531091438","SIMP 07","Northern Harrier (Breeding), Suisun Marsh"
7761047573,true,2018-07-11 17:00:00.000,-122.0037,38.194799,,,,,"SIMP07",53.0,,,,,false,4170.0,"gps","Circus cyaneus","48531091438","SIMP 07","Northern Harrier (Breeding), Suisun Marsh"
7761047578,true,2018-07-11 18:02:00.000,-122.002416,38.195049,,,,,"SIMP07",40.0,,,,,false,4170.0,"gps","Circus cyaneus","48531091438","SIMP 07","Northern Harrier (Breeding), Suisun Marsh"
7761047579,true,2018-07-11 19:00:00.000,-122.000316,38.195416,,,,,"SIMP07",44.0,,,,,false,4170.0,"gps","Circus cyaneus","48531091438","SIMP 07","Northern Harrier (Breeding), Suisun Marsh"
7761047580,true,2018-07-11 20:00:00.000,-122.001766,38.190999,,,,,"SIMP07",39.0,,,,,false,4170.0,"gps","Circus cyaneus","48531091438","SIMP 07","Northern Harrier (Breeding), Suisun Marsh"
7761047581,true,2018-07-11 21:00:00.000,-122.006266,38.196966,,,,,"SIMP07",49.0,,,,,false,4170.0,"gps","Circus cyaneus","48531091438","SIMP 07","Northern Harrier (Breeding), Suisun Marsh"
7761047530,true,2018-07-11 22:02:00.000,-122.009083,38.198849,,,,,"SIMP07",44.0,,,,,false,4130.0,"gps","Circus cyaneus","48531091438","SIMP 07","Northern Harrier (Breeding), Suisun Marsh"
7761047531,true,2018-07-11 23:00:00.000,-122.001116,38.194183,,,,,"SIMP07",42.0,,,,,false,4130.0,"gps","Circus cyaneus","48531091438","SIMP 07","Northern Harrier (Breeding), Suisun Marsh"
7761047532,true,2018-07-12 00:00:00.000,-122.002366,38.195083,,,,,"SIMP07",37.0,,,,,false,4130.0,"gps","Circus cyaneus","48531091438","SIMP 07","Northern Harrier (Breeding), Suisun Marsh"
7761047533,true,2018-07-12 01:00:00.000,-122.011316,38.197016,,,,,"SIMP07",37.0,,,,,false,4130.0,"gps","Circus cyaneus","48531091438","SIMP 07","Northern Harrier (Breeding), Suisun Marsh"
7761139708,true,2018-07-12 02:02:00.000,-122.014966,38.207683,,,,,"SIMP07",30.0,,,,,false,4130.0,"gps","Circus cyaneus","48531091438","SIMP 07","Northern Harrier (Breeding), Suisun Marsh"
7761139709,true,2018-07-12 03:00:00.000,-121.999599,38.193933,,,,,"SIMP07",26.0,,,,,false,4130.0,"gps","Circus cyaneus","48531091438","SIMP 07","Northern Harrier (Breeding), Suisun Marsh"
7761139710,true,2018-07-12 04:00:00.000,-122.0012,38.193766,,,,,"SIMP07",22.0,,,,,false,4130.0,"gps","Circus cyaneus","48531091438","SIMP 07","Northern Harrier (Breeding), Suisun Marsh"
7761139711,true,2018-07-12 12:00:00.000,-122.0004,38.194466,,,,,"SIMP07",27.0,,,,,false,4130.0,"gps","Circus cyaneus","48531091438","SIMP 07","Northern Harrier (Breeding), Suisun Marsh"
7761139700,true,2018-07-12 13:02:00.000,-122.0014,38.195483,,,,,"SIMP07",19.0,,,,,false,4120.0,"gps","Circus cyaneus","48531091438","SIMP 07","Northern Harrier (Breeding), Suisun Marsh"
7761139701,true,2018-07-12 14:00:00.000,-122.0001,38.193916,,,,,"SIMP07",31.0,,,,,false,4120.0,"gps","Circus cyaneus","48531091438","SIMP 07","Northern Harrier (Breeding), Suisun Marsh"
7761139702,true,2018-07-12 15:00:00.000,-122.000516,38.194433,,,,,"SIMP07",26.0,,,,,false,4120.0,"gps","Circus cyaneus","48531091438","SIMP 07","Northern Harrier (Breeding), Suisun Marsh"
7761139703,true,2018-07-12 16:00:00.000,-122.00045,38.193016,,,,,"SIMP07",41.0,,,,,false,4120.0,"gps","Circus cyaneus","48531091438","SIMP 07","Northern Harrier (Breeding), Suisun Marsh"
7761139712,true,2018-07-12 17:02:00.000,-122.005883,38.20665,,,,,"SIMP07",33.0,,,,,false,4160.0,"gps","Circus cyaneus","48531091438","SIMP 07","Northern Harrier (Breeding), Suisun Marsh"
7761139713,true,2018-07-12 18:00:00.000,-122.022516,38.203783,,,,,"SIMP07",38.0,,,,,false,4160.0,"gps","Circus cyaneus","48531091438","SIMP 07","Northern Harrier (Breeding), Suisun Marsh"
7761139714,true,2018-07-12 19:00:00.000,-122.028082,38.200933,,,,,"SIMP07",35.0,,,,,false,4160.0,"gps","Circus cyaneus","48531091438","SIMP 07","Northern Harrier (Breeding), Suisun Marsh"
7761139715,true,2018-07-12 20:00:00.000,-122.015533,38.20675,,,,,"SIMP07",35.0,,,,,false,4160.0,"gps","Circus cyaneus","48531091438","SIMP 07","Northern Harrier (Breeding), Suisun Marsh"
7761139688,true,2018-07-12 21:02:00.000,-122.0092,38.188233,,,,,"SIMP07",45.0,,,,,false,4130.0,"gps","Circus cyaneus","48531091438","SIMP 07","Northern Harrier (Breeding), Suisun Marsh"
7761139689,true,2018-07-12 22:00:00.000,-122.00145,38.191333,,,,,"SIMP07",41.0,,,,,false,4130.0,"gps","Circus cyaneus","48531091438","SIMP 07","Northern Harrier (Breeding), Suisun Marsh"
7761139690,true,2018-07-12 23:00:00.000,-122.00715,38.226999,,,,,"SIMP07",37.0,,,,,false,4130.0,"gps","Circus cyaneus","48531091438","SIMP 07","Northern Harrier (Breeding), Suisun Marsh"
7761139691,true,2018-07-13 00:00:00.000,-122.014583,38.2085,,,,,"SIMP07",36.0,,,,,false,4130.0,"gps","Circus cyaneus","48531091438","SIMP 07","Northern Harrier (Breeding), Suisun Marsh"
7761139716,true,2018-07-13 01:02:00.000,-122.0151,38.207433,,,,,"SIMP07",36.0,,,,,false,4120.0,"gps","Circus cyaneus","48531091438","SIMP 07","Northern Harrier (Breeding), Suisun Marsh"
7761139717,true,2018-07-13 02:00:00.000,-122.00565,38.195649,,,,,"SIMP07",29.0,,,,,false,4120.0,"gps","Circus cyaneus","48531091438","SIMP 07","Northern Harrier (Breeding), Suisun Marsh"
7761139718,true,2018-07-13 03:00:00.000,-122.007433,38.197683,,,,,"SIMP07",25.0,,,,,false,4120.0,"gps","Circus cyaneus","48531091438","SIMP 07","Northern Harrier (Breeding), Suisun Marsh"
7761139719,true,2018-07-13 04:00:00.000,-122.001483,38.193799,,,,,"SIMP07",24.0,,,,,false,4120.0,"gps","Circus cyaneus","48531091438","SIMP 07","Northern Harrier (Breeding), Suisun Marsh"
7761139692,true,2018-07-13 12:02:00.000,-122.000566,38.194966,,,,,"SIMP07",27.0,,,,,false,4090.0,"gps","Circus cyaneus","48531091438","SIMP 07","Northern Harrier (Breeding), Suisun Marsh"
7761139693,true,2018-07-13 13:00:00.000,-121.995016,38.193233,,,,,"SIMP07",21.0,,,,,false,4090.0,"gps","Circus cyaneus","48531091438","SIMP 07","Northern Harrier (Breeding), Suisun Marsh"
7761139694,true,2018-07-13 14:00:00.000,-122.003566,38.194699,,,,,"SIMP07",24.0,,,,,false,4090.0,"gps","Circus cyaneus","48531091438","SIMP 07","Northern Harrier (Breeding), Suisun Marsh"
7761139695,true,2018-07-13 15:00:00.000,-122.003166,38.195566,,,,,"SIMP07",25.0,,,,,false,4090.0,"gps","Circus cyaneus","48531091438","SIMP 07","Northern Harrier (Breeding), Suisun Marsh"
7761139696,true,2018-07-13 16:02:00.000,-122.002866,38.195633,,,,,"SIMP07",33.0,,,,,false,4120.0,"gps","Circus cyaneus","48531091438","SIMP 07","Northern Harrier (Breeding), Suisun Marsh"
7761139697,true,2018-07-13 17:00:00.000,-122.0012,38.190916,,,,,"SIMP07",37.0,,,,,false,4120.0,"gps","Circus cyaneus","48531091438","SIMP 07","Northern Harrier (Breeding), Suisun Marsh"
7761139698,true,2018-07-13 18:00:00.000,-122.013766,38.189533,,,,,"SIMP07",37.0,,,,,false,4120.0,"gps","Circus cyaneus","48531091438","SIMP 07","Northern Harrier (Breeding), Suisun Marsh"
7761139699,true,2018-07-13 19:00:00.000,-122.006533,38.191749,,,,,"SIMP07",38.0,,,,,false,4120.0,"gps","Circus cyaneus","48531091438","SIMP 07","Northern Harrier (Breeding), Suisun Marsh"
7761139720,true,2018-07-13 20:02:00.000,-122.014516,38.2071,,,,,"SIMP07",33.0,,,,,false,4150.0,"gps","Circus cyaneus","48531091438","SIMP 07","Northern Harrier (Breeding), Suisun Marsh"
7761139721,true,2018-07-13 21:00:00.000,-122.015116,38.207466,,,,,"SIMP07",53.0,,,,,false,4150.0,"gps","Circus cyaneus","48531091438","SIMP 07","Northern Harrier (Breeding), Suisun Marsh"
7761139722,true,2018-07-13 22:00:00.000,-122.0014,38.191333,,,,,"SIMP07",42.0,,,,,false,4150.0,"gps","Circus cyaneus","48531091438","SIMP 07","Northern Harrier (Breeding), Suisun Marsh"
7761139723,true,2018-07-13 23:00:00.000,-122.005633,38.195649,,,,,"SIMP07",43.0,,,,,false,4150.0,"gps","Circus cyaneus","48531091438","SIMP 07","Northern Harrier (Breeding), Suisun Marsh"
7761139704,true,2018-07-14 00:02:00.000,-122.005566,38.195766,,,,,"SIMP07",36.0,,,,,false,4160.0,"gps","Circus cyaneus","48531091438","SIMP 07","Northern Harrier (Breeding), Suisun Marsh"
7761139705,true,2018-07-14 01:00:00.000,-122.0056,38.195549,,,,,"SIMP07",33.0,,,,,false,4160.0,"gps","Circus cyaneus","48531091438","SIMP 07","Northern Harrier (Breeding), Suisun Marsh"
7761139706,true,2018-07-14 02:00:00.000,-122.015216,38.20655,,,,,"SIMP07",33.0,,,,,false,4160.0,"gps","Circus cyaneus","48531091438","SIMP 07","Northern Harrier (Breeding), Suisun Marsh"
7761139707,true,2018-07-14 03:00:00.000,-122.00565,38.203633,,,,,"SIMP07",28.0,,,,,false,4160.0,"gps","Circus cyaneus","48531091438","SIMP 07","Northern Harrier (Breeding), Suisun Marsh"
7761336347,true,2018-07-14 04:02:00.000,-122.001066,38.193649,,,,,"SIMP07",25.0,,,,,false,4120.0,"gps","Circus cyaneus","48531091438","SIMP 07","Northern Harrier (Breeding), Suisun Marsh"
7761336348,true,2018-07-14 12:00:00.000,-122.000933,38.193616,,,,,"SIMP07",23.0,,,,,false,4120.0,"gps","Circus cyaneus","48531091438","SIMP 07","Northern Harrier (Breeding), Suisun Marsh"
7761336349,true,2018-07-14 13:00:00.000,-121.998699,38.194466,,,,,"SIMP07",21.0,,,,,false,4120.0,"gps","Circus cyaneus","48531091438","SIMP 07","Northern Harrier (Breeding), Suisun Marsh"
7761336350,true,2018-07-14 14:00:00.000,-122.01485,38.2076,,,,,"SIMP07",21.0,,,,,false,4120.0,"gps","Circus cyaneus","48531091438","SIMP 07","Northern Harrier (Breeding), Suisun Marsh"
7761335815,true,2018-07-14 19:02:00.000,-122.001366,38.191266,,,,,"SIMP07",45.0,,,,,false,4110.0,"gps","Circus cyaneus","48531091438","SIMP 07","Northern Harrier (Breeding), Suisun Marsh"
7761335816,true,2018-07-14 20:00:00.000,-121.999766,38.194833,,,,,"SIMP07",41.0,,,,,false,4110.0,"gps","Circus cyaneus","48531091438","SIMP 07","Northern Harrier (Breeding), Suisun Marsh"
7761335817,true,2018-07-14 21:00:00.000,-122.012333,38.196233,,,,,"SIMP07",36.0,,,,,false,4110.0,"gps","Circus cyaneus","48531091438","SIMP 07","Northern Harrier (Breeding), Suisun Marsh"
7761335818,true,2018-07-14 22:00:00.000,-122.010566,38.197366,,,,,"SIMP07",40.0,,,,,false,4110.0,"gps","Circus cyaneus","48531091438","SIMP 07","Northern Harrier (Breeding), Suisun Marsh"
7761338455,true,2018-07-14 23:02:00.000,-122.012816,38.195149,,,,,"SIMP07",50.0,,,,,false,4180.0,"gps","Circus cyaneus","48531091438","SIMP 07","Northern Harrier (Breeding), Suisun Marsh"
7761338456,true,2018-07-15 00:00:00.000,-122.000466,38.192633,,,,,"SIMP07",38.0,,,,,false,4180.0,"gps","Circus cyaneus","48531091438","SIMP 07","Northern Harrier (Breeding), Suisun Marsh"
7761338457,true,2018-07-15 01:00:00.000,-122.009066,38.196383,,,,,"SIMP07",31.0,,,,,false,4180.0,"gps","Circus cyaneus","48531091438","SIMP 07","Northern Harrier (Breeding), Suisun Marsh"
7761338458,true,2018-07-15 02:00:00.000,-122.0152,38.207283,,,,,"SIMP07",27.0,,,,,false,4180.0,"gps","Circus cyaneus","48531091438","SIMP 07","Northern Harrier (Breeding), Suisun Marsh"
7761335799,true,2018-07-15 03:02:00.000,-122.000783,38.194733,,,,,"SIMP07",24.0,,,,,false,4130.0,"gps","Circus cyaneus","48531091438","SIMP 07","Northern Harrier (Breeding), Suisun Marsh"
7761335800,true,2018-07-15 04:00:00.000,-122.00095,38.193599,,,,,"SIMP07",23.0,,,,,false,4130.0,"gps","Circus cyaneus","48531091438","SIMP 07","Northern Harrier (Breeding), Suisun Marsh"
7761335801,true,2018-07-15 12:00:00.000,-122.0011,38.193716,,,,,"SIMP07",27.0,,,,,false,4130.0,"gps","Circus cyaneus","48531091438","SIMP 07","Northern Harrier (Breeding), Suisun Marsh"
7761335802,true,2018-07-15 13:00:00.000,-121.999616,38.194666,,,,,"SIMP07",20.0,,,,,false,4130.0,"gps","Circus cyaneus","48531091438","SIMP 07","Northern Harrier (Breeding), Suisun Marsh"
7761335819,true,2018-07-15 14:02:00.000,-121.998999,38.190949,,,,,"SIMP07",34.0,,,,,false,4160.0,"gps","Circus cyaneus","48531091438","SIMP 07","Northern Harrier (Breeding), Suisun Marsh"
7761335820,true,2018-07-15 15:00:00.000,-121.999399,38.191516,,,,,"SIMP07",43.0,,,,,false,4160.0,"gps","Circus cyaneus","48531091438","SIMP 07","Northern Harrier (Breeding), Suisun Marsh"
7761335821,true,2018-07-15 16:00:00.000,-122.030116,38.206683,,,,,"SIMP07",29.0,,,,,false,4160.0,"gps","Circus cyaneus","48531091438","SIMP 07","Northern Harrier (Breeding), Suisun Marsh"
7761335822,true,2018-07-15 17:00:00.000,-122.012483,38.195433,,,,,"SIMP07",50.0,,,,,false,4160.0,"gps","Circus cyaneus","48531091438","SIMP 07","Northern Harrier (Breeding), Suisun Marsh"
7761335649,true,2018-07-15 18:02:00.000,-121.998283,38.194266,,,,,"SIMP07",48.0,,,,,false,4160.0,"gps","Circus cyaneus","48531091438","SIMP 07","Northern Harrier (Breeding), Suisun Marsh"
7761335650,true,2018-07-15 19:00:00.000,-122.009866,38.195216,,,,,"SIMP07",30.0,,,,,false,4160.0,"gps","Circus cyaneus","48531091438","SIMP 07","Northern Harrier (Breeding), Suisun Marsh"
7761335651,true,2018-07-15 20:00:00.000,-122.021332,38.194316,,,,,"SIMP07",34.0,,,,,false,4160.0,"gps","Circus cyaneus","48531091438","SIMP 07","Northern Harrier (Breeding), Suisun Marsh"
7761335652,true,2018-07-15 21:00:00.000,-122.011733,38.20575,,,,,"SIMP07",37.0,,,,,false,4160.0,"gps","Circus cyaneus","48531091438","SIMP 07","Northern Harrier (Breeding), Suisun Marsh"
7761335807,true,2018-07-15 22:02:00.000,-122.0112,38.196433,,,,,"SIMP07",37.0,,,,,false,4110.0,"gps","Circus cyaneus","48531091438","SIMP 07","Northern Harrier (Breeding), Suisun Marsh"
7761335808,true,2018-07-15 23:00:00.000,-122.014666,38.2076,,,,,"SIMP07",48.0,,,,,false,4110.0,"gps","Circus cyaneus","48531091438","SIMP 07","Northern Harrier (Breeding), Suisun Marsh"
7761335809,true,2018-07-16 00:00:00.000,-122.014633,38.207583,,,,,"SIMP07",33.0,,,,,false,4110.0,"gps","Circus cyaneus","48531091438","SIMP 07","Northern Harrier (Breeding), Suisun Marsh"
7761335810,true,2018-07-16 01:00:00.000,-122.00565,38.195616,,,,,"SIMP07",31.0,,,,,false,4110.0,"gps","Circus cyaneus","48531091438","SIMP 07","Northern Harrier (Breeding), Suisun Marsh"
7761335645,true,2018-07-16 02:02:00.000,-122.005583,38.195599,,,,,"SIMP07",26.0,,,,,false,4090.0,"gps","Circus cyaneus","48531091438","SIMP 07","Northern Harrier (Breeding), Suisun Marsh"
7761335646,true,2018-07-16 03:00:00.000,-122.0059,38.195583,,,,,"SIMP07",24.0,,,,,false,4090.0,"gps","Circus cyaneus","48531091438","SIMP 07","Northern Harrier (Breeding), Suisun Marsh"
7761335647,true,2018-07-16 04:00:00.000,-122.0011,38.193733,,,,,"SIMP07",23.0,,,,,false,4090.0,"gps","Circus cyaneus","48531091438","SIMP 07","Northern Harrier (Breeding), Suisun Marsh"
7761335648,true,2018-07-16 12:00:00.000,-121.998833,38.194099,,,,,"SIMP07",20.0,,,,,false,4090.0,"gps","Circus cyaneus","48531091438","SIMP 07","Northern Harrier (Breeding), Suisun Marsh"
7761335811,true,2018-07-16 13:02:00.000,-122.002533,38.195633,,,,,"SIMP07",19.0,,,,,false,4160.0,"gps","Circus cyaneus","48531091438","SIMP 07","Northern Harrier (Breeding), Suisun Marsh"
7761335812,true,2018-07-16 14:00:00.000,-121.999349,38.194866,,,,,"SIMP07",25.0,,,,,false,4160.0,"gps","Circus cyaneus","48531091438","SIMP 07","Northern Harrier (Breeding), Suisun Marsh"
7761335813,true,2018-07-16 15:00:00.000,-122.000666,38.194816,,,,,"SIMP07",36.0,,,,,false,4160.0,"gps","Circus cyaneus","48531091438","SIMP 07","Northern Harrier (Breeding), Suisun Marsh"
7761335814,true,2018-07-16 16:00:00.000,-122.000483,38.194949,,,,,"SIMP07",46.0,,,,,false,4160.0,"gps","Circus cyaneus","48531091438","SIMP 07","Northern Harrier (Breeding), Suisun Marsh"
7761336331,true,2018-07-16 17:02:00.000,-122.000866,38.191933,,,,,"SIMP07",44.0,,,,,false,4130.0,"gps","Circus cyaneus","48531091438","SIMP 07","Northern Harrier (Breeding), Suisun Marsh"
7761336332,true,2018-07-16 18:00:00.000,-122.000433,38.192633,,,,,"SIMP07",51.0,,,,,false,4130.0,"gps","Circus cyaneus","48531091438","SIMP 07","Northern Harrier (Breeding), Suisun Marsh"
7761336333,true,2018-07-16 19:00:00.000,-121.996299,38.193716,,,,,"SIMP07",43.0,,,,,false,4130.0,"gps","Circus cyaneus","48531091438","SIMP 07","Northern Harrier (Breeding), Suisun Marsh"
7761336334,true,2018-07-16 20:00:00.000,-122.000733,38.194833,,,,,"SIMP07",61.0,,,,,false,4130.0,"gps","Circus cyaneus","48531091438","SIMP 07","Northern Harrier (Breeding), Suisun Marsh"
7761336327,true,2018-07-16 21:02:00.000,-122.00015,38.193133,,,,,"SIMP07",49.0,,,,,false,4160.0,"gps","Circus cyaneus","48531091438","SIMP 07","Northern Harrier (Breeding), Suisun Marsh"
7761336328,true,2018-07-16 22:00:00.000,-121.996916,38.193783,,,,,"SIMP07",52.0,,,,,false,4160.0,"gps","Circus cyaneus","48531091438","SIMP 07","Northern Harrier (Breeding), Suisun Marsh"
7761336329,true,2018-07-16 23:00:00.000,-122.0002,38.194383,,,,,"SIMP07",46.0,,,,,false,4160.0,"gps","Circus cyaneus","48531091438","SIMP 07","Northern Harrier (Breeding), Suisun Marsh"
7761336330,true,2018-07-17 00:00:00.000,-121.997366,38.193833,,,,,"SIMP07",50.0,,,,,false,4160.0,"gps","Circus cyaneus","48531091438","SIMP 07","Northern Harrier (Breeding), Suisun Marsh"
7761338451,true,2018-07-17 01:02:00.000,-122.002016,38.194416,,,,,"SIMP07",40.0,,,,,false,4160.0,"gps","Circus cyaneus","48531091438","SIMP 07","Northern Harrier (Breeding), Suisun Marsh"
7761338452,true,2018-07-17 02:00:00.000,-122.00265,38.195116,,,,,"SIMP07",28.0,,,,,false,4160.0,"gps","Circus cyaneus","48531091438","SIMP 07","Northern Harrier (Breeding), Suisun Marsh"
7761338453,true,2018-07-17 03:00:00.000,-122.001433,38.191333,,,,,"SIMP07",25.0,,,,,false,4160.0,"gps","Circus cyaneus","48531091438","SIMP 07","Northern Harrier (Breeding), Suisun Marsh"
7761338454,true,2018-07-17 04:00:00.000,-122.001033,38.193733,,,,,"SIMP07",23.0,,,,,false,4160.0,"gps","Circus cyaneus","48531091438","SIMP 07","Northern Harrier (Breeding), Suisun Marsh"
7761335722,true,2018-07-17 12:02:00.000,-122.000933,38.193616,,,,,"SIMP07",26.0,,,,,false,4160.0,"gps","Circus cyaneus","48531091438","SIMP 07","Northern Harrier (Breeding), Suisun Marsh"
7761335723,true,2018-07-17 13:00:00.000,-121.998466,38.193183,,,,,"SIMP07",17.0,,,,,false,4160.0,"gps","Circus cyaneus","48531091438","SIMP 07","Northern Harrier (Breeding), Suisun Marsh"
7761335724,true,2018-07-17 14:00:00.000,-122.002166,38.191533,,,,,"SIMP07",32.0,,,,,false,4160.0,"gps","Circus cyaneus","48531091438","SIMP 07","Northern Harrier (Breeding), Suisun Marsh"
7761335725,true,2018-07-17 15:00:00.000,-122.0004,38.192499,,,,,"SIMP07",28.0,,,,,false,4160.0,"gps","Circus cyaneus","48531091438","SIMP 07","Northern Harrier (Breeding), Suisun Marsh"
7761335718,true,2018-07-17 16:02:00.000,-122.001466,38.191333,,,,,"SIMP07",56.0,,,,,false,4130.0,"gps","Circus cyaneus","48531091438","SIMP 07","Northern Harrier (Breeding), Suisun Marsh"
7761335719,true,2018-07-17 17:00:00.000,-122.01205,38.206133,,,,,"SIMP07",27.0,,,,,false,4130.0,"gps","Circus cyaneus","48531091438","SIMP 07","Northern Harrier (Breeding), Suisun Marsh"
7761335720,true,2018-07-17 18:00:00.000,-122.002666,38.195083,,,,,"SIMP07",52.0,,,,,false,4130.0,"gps","Circus cyaneus","48531091438","SIMP 07","Northern Harrier (Breeding), Suisun Marsh"
7761335721,true,2018-07-17 19:00:00.000,-122.001416,38.191299,,,,,"SIMP07",44.0,,,,,false,4130.0,"gps","Circus cyaneus","48531091438","SIMP 07","Northern Harrier (Breeding), Suisun Marsh"
7761336335,true,2018-07-17 20:02:00.000,-122.001483,38.191299,,,,,"SIMP07",55.0,,,,,false,4160.0,"gps","Circus cyaneus","48531091438","SIMP 07","Northern Harrier (Breeding), Suisun Marsh"
7761336336,true,2018-07-17 21:00:00.000,-121.999083,38.197649,,,,,"SIMP07",41.0,,,,,false,4160.0,"gps","Circus cyaneus","48531091438","SIMP 07","Northern Harrier (Breeding), Suisun Marsh"
7761336337,true,2018-07-17 22:00:00.000,-121.992916,38.20525,,,,,"SIMP07",38.0,,,,,false,4160.0,"gps","Circus cyaneus","48531091438","SIMP 07","Northern Harrier (Breeding), Suisun Marsh"
7761336338,true,2018-07-17 23:00:00.000,-122.00395,38.194833,,,,,"SIMP07",41.0,,,,,false,4160.0,"gps","Circus cyaneus","48531091438","SIMP 07","Northern Harrier (Breeding), Suisun Marsh"
7761335714,true,2018-07-18 00:02:00.000,-122.005583,38.195699,,,,,"SIMP07",33.0,,,,,false,4120.0,"gps","Circus cyaneus","48531091438","SIMP 07","Northern Harrier (Breeding), Suisun Marsh"
7761335715,true,2018-07-18 01:00:00.000,-122.003216,38.195833,,,,,"SIMP07",33.0,,,,,false,4120.0,"gps","Circus cyaneus","48531091438","SIMP 07","Northern Harrier (Breeding), Suisun Marsh"
7761335716,true,2018-07-18 02:00:00.000,-122.0038,38.194499,,,,,"SIMP07",28.0,,,,,false,4120.0,"gps","Circus cyaneus","48531091438","SIMP 07","Northern Harrier (Breeding), Suisun Marsh"
7761335717,true,2018-07-18 03:00:00.000,-121.996316,38.193716,,,,,"SIMP07",28.0,,,,,false,4120.0,"gps","Circus cyaneus","48531091438","SIMP 07","Northern Harrier (Breeding), Suisun Marsh"
7761335803,true,2018-07-18 04:02:00.000,-122.00095,38.193583,,,,,"SIMP07",24.0,,,,,false,4090.0,"gps","Circus cyaneus","48531091438","SIMP 07","Northern Harrier (Breeding), Suisun Marsh"
7761335804,true,2018-07-18 12:00:00.000,-121.999166,38.193016,,,,,"SIMP07",29.0,,,,,false,4090.0,"gps","Circus cyaneus","48531091438","SIMP 07","Northern Harrier (Breeding), Suisun Marsh"
7761335805,true,2018-07-18 13:00:00.000,-121.998499,38.192416,,,,,"SIMP07",19.0,,,,,false,4090.0,"gps","Circus cyaneus","48531091438","SIMP 07","Northern Harrier (Breeding), Suisun Marsh"
7761335806,true,2018-07-18 14:00:00.000,-122.001416,38.191299,,,,,"SIMP07",25.0,,,,,false,4090.0,"gps","Circus cyaneus","48531091438","SIMP 07","Northern Harrier (Breeding), Suisun Marsh"
7761336339,true,2018-07-18 15:02:00.000,-122.001333,38.191266,,,,,"SIMP07",37.0,,,,,false,4130.0,"gps","Circus cyaneus","48531091438","SIMP 07","Northern Harrier (Breeding), Suisun Marsh"
7761336340,true,2018-07-18 16:00:00.000,-122.012583,38.2062,,,,,"SIMP07",30.0,,,,,false,4130.0,"gps","Circus cyaneus","48531091438","SIMP 07","Northern Harrier (Breeding), Suisun Marsh"
7761336341,true,2018-07-18 17:00:00.000,-122.028266,38.194966,,,,,"SIMP07",39.0,,,,,false,4130.0,"gps","Circus cyaneus","48531091438","SIMP 07","Northern Harrier (Breeding), Suisun Marsh"
7761336342,true,2018-07-18 18:00:00.000,-122.0116,38.196383,,,,,"SIMP07",39.0,,,,,false,4130.0,"gps","Circus cyaneus","48531091438","SIMP 07","Northern Harrier (Breeding), Suisun Marsh"
7761338459,true,2018-07-18 19:02:00.000,-122.011533,38.196299,,,,,"SIMP07",36.0,,,,,false,4110.0,"gps","Circus cyaneus","48531091438","SIMP 07","Northern Harrier (Breeding), Suisun Marsh"
7761338460,true,2018-07-18 20:00:00.000,-122.01125,38.196133,,,,,"SIMP07",48.0,,,,,false,4110.0,"gps","Circus cyaneus","48531091438","SIMP 07","Northern Harrier (Breeding), Suisun Marsh"
7761338461,true,2018-07-18 21:00:00.000,-122.001433,38.191349,,,,,"SIMP07",43.0,,,,,false,4110.0,"gps","Circus cyaneus","48531091438","SIMP 07","Northern Harrier (Breeding), Suisun Marsh"
7761338462,true,2018-07-18 22:00:00.000,-121.997449,38.194083,,,,,"SIMP07",51.0,,,,,false,4110.0,"gps","Circus cyaneus","48531091438","SIMP 07","Northern Harrier (Breeding), Suisun Marsh"
7761336343,true,2018-07-18 23:02:00.000,-121.997516,38.194149,,,,,"SIMP07",53.0,,,,,false,4130.0,"gps","Circus cyaneus","48531091438","SIMP 07","Northern Harrier (Breeding), Suisun Marsh"
7761336344,true,2018-07-19 00:00:00.000,-122.000516,38.192466,,,,,"SIMP07",36.0,,,,,false,4130.0,"gps","Circus cyaneus","48531091438","SIMP 07","Northern Harrier (Breeding), Suisun Marsh"
7761336345,true,2018-07-19 01:00:00.000,-122.000833,38.191583,,,,,"SIMP07",36.0,,,,,false,4130.0,"gps","Circus cyaneus","48531091438","SIMP 07","Northern Harrier (Breeding), Suisun Marsh"
7761336346,true,2018-07-19 02:00:00.000,-122.011416,38.196333,,,,,"SIMP07",33.0,,,,,false,4130.0,"gps","Circus cyaneus","48531091438","SIMP 07","Northern Harrier (Breeding), Suisun Marsh"
7761344537,true,2018-07-19 03:02:00.000,-122.005616,38.195549,,,,,"SIMP07",25.0,,,,,false,4090.0,"gps","Circus cyaneus","48531091438","SIMP 07","Northern Harrier (Breeding), Suisun Marsh"
7761344538,true,2018-07-19 04:00:00.000,-122.001016,38.193733,,,,,"SIMP07",24.0,,,,,false,4090.0,"gps","Circus cyaneus","48531091438","SIMP 07","Northern Harrier (Breeding), Suisun Marsh"
7761344539,true,2018-07-19 12:00:00.000,-122.00125,38.193549,,,,,"SIMP07",21.0,,,,,false,4090.0,"gps","Circus cyaneus","48531091438","SIMP 07","Northern Harrier (Breeding), Suisun Marsh"
7761344540,true,2018-07-19 13:00:00.000,-122.000833,38.193633,,,,,"SIMP07",21.0,,,,,false,4090.0,"gps","Circus cyaneus","48531091438","SIMP 07","Northern Harrier (Breeding), Suisun Marsh"
7761344541,true,2018-07-19 14:02:00.000,-122.000733,38.191483,,,,,"SIMP07",28.0,,,,,false,4110.0,"gps","Circus cyaneus","48531091438","SIMP 07","Northern Harrier (Breeding), Suisun Marsh"
7761344542,true,2018-07-19 15:00:00.000,-122.012983,38.196316,,,,,"SIMP07",35.0,,,,,false,4110.0,"gps","Circus cyaneus","48531091438","SIMP 07","Northern Harrier (Breeding), Suisun Marsh"
7761344543,true,2018-07-19 16:00:00.000,-122.011533,38.196283,,,,,"SIMP07",29.0,,,,,false,4110.0,"gps","Circus cyaneus","48531091438","SIMP 07","Northern Harrier (Breeding), Suisun Marsh"
7761344544,true,2018-07-19 17:00:00.000,-122.001433,38.191266,,,,,"SIMP07",30.0,,,,,false,4110.0,"gps","Circus cyaneus","48531091438","SIMP 07","Northern Harrier (Breeding), Suisun Marsh"
7761338479,true,2018-07-19 18:02:00.000,-122.0101,38.194583,,,,,"SIMP07",34.0,,,,,false,4130.0,"gps","Circus cyaneus","48531091438","SIMP 07","Northern Harrier (Breeding), Suisun Marsh"
7761338480,true,2018-07-19 19:00:00.000,-122.011633,38.195666,,,,,"SIMP07",56.0,,,,,false,4130.0,"gps","Circus cyaneus","48531091438","SIMP 07","Northern Harrier (Breeding), Suisun Marsh"
7761338481,true,2018-07-19 20:00:00.000,-122.0023,38.194783,,,,,"SIMP07",61.0,,,,,false,4130.0,"gps","Circus cyaneus","48531091438","SIMP 07","Northern Harrier (Breeding), Suisun Marsh"
7761338482,true,2018-07-19 21:00:00.000,-122.0014,38.191383,,,,,"SIMP07",56.0,,,,,false,4130.0,"gps","Circus cyaneus","48531091438","SIMP 07","Northern Harrier (Breeding), Suisun Marsh"
7761344549,true,2018-07-19 22:02:00.000,-122.005616,38.195666,,,,,"SIMP07",40.0,,,,,false,4130.0,"gps","Circus cyaneus","48531091438","SIMP 07","Northern Harrier (Breeding), Suisun Marsh"
7761344550,true,2018-07-19 23:00:00.000,-122.000733,38.192633,,,,,"SIMP07",40.0,,,,,false,4130.0,"gps","Circus cyaneus","48531091438","SIMP 07","Northern Harrier (Breeding), Suisun Marsh"
7761344551,true,2018-07-20 00:00:00.000,-121.996983,38.193833,,,,,"SIMP07",39.0,,,,,false,4130.0,"gps","Circus cyaneus","48531091438","SIMP 07","Northern Harrier (Breeding), Suisun Marsh"
7761344552,true,2018-07-20 01:00:00.000,-122.008716,38.199716,,,,,"SIMP07",32.0,,,,,false,4130.0,"gps","Circus cyaneus","48531091438","SIMP 07","Northern Harrier (Breeding), Suisun Marsh"
7761344521,true,2018-07-20 02:02:00.000,-122.013166,38.196366,,,,,"SIMP07",30.0,,,,,false,4040.0,"gps","Circus cyaneus","48531091438","SIMP 07","Northern Harrier (Breeding), Suisun Marsh"
7761344522,true,2018-07-20 03:00:00.000,-122.001466,38.191249,,,,,"SIMP07",25.0,,,,,false,4040.0,"gps","Circus cyaneus","48531091438","SIMP 07","Northern Harrier (Breeding), Suisun Marsh"
7761344523,true,2018-07-20 04:00:00.000,-122.001,38.193566,,,,,"SIMP07",22.0,,,,,false,4040.0,"gps","Circus cyaneus","48531091438","SIMP 07","Northern Harrier (Breeding), Suisun Marsh"
7761344524,true,2018-07-20 12:00:00.000,-122.00095,38.193666,,,,,"SIMP07",22.0,,,,,false,4040.0,"gps","Circus cyaneus","48531091438","SIMP 07","Northern Harrier (Breeding), Suisun Marsh"
7761344533,true,2018-07-20 13:02:00.000,-122.0011,38.193616,,,,,"SIMP07",21.0,,,,,false,4090.0,"gps","Circus cyaneus","48531091438","SIMP 07","Northern Harrier (Breeding), Suisun Marsh"
7761344534,true,2018-07-20 14:00:00.000,-122.00235,38.191316,,,,,"SIMP07",22.0,,,,,false,4090.0,"gps","Circus cyaneus","48531091438","SIMP 07","Northern Harrier (Breeding), Suisun Marsh"
7761344535,true,2018-07-20 15:00:00.000,-122.005966,38.195599,,,,,"SIMP07",42.0,,,,,false,4090.0,"gps","Circus cyaneus","48531091438","SIMP 07","Northern Harrier (Breeding), Suisun Marsh"
7761344536,true,2018-07-20 16:00:00.000,-122.013066,38.196399,,,,,"SIMP07",32.0,,,,,false,4090.0,"gps","Circus cyaneus","48531091438","SIMP 07","Northern Harrier (Breeding), Suisun Marsh"
7761338467,true,2018-07-20 17:02:00.000,-122.001183,38.190949,,,,,"SIMP07",31.0,,,,,false,4140.0,"gps","Circus cyaneus","48531091438","SIMP 07","Northern Harrier (Breeding), Suisun Marsh"
7761338468,true,2018-07-20 18:00:00.000,-122.001216,38.191149,,,,,"SIMP07",35.0,,,,,false,4140.0,"gps","Circus cyaneus","48531091438","SIMP 07","Northern Harrier (Breeding), Suisun Marsh"
7761338469,true,2018-07-20 19:00:00.000,-121.999599,38.191949,,,,,"SIMP07",49.0,,,,,false,4140.0,"gps","Circus cyaneus","48531091438","SIMP 07","Northern Harrier (Breeding), Suisun Marsh"
7761338470,true,2018-07-20 20:00:00.000,-122.008066,38.192516,,,,,"SIMP07",51.0,,,,,false,4140.0,"gps","Circus cyaneus","48531091438","SIMP 07","Northern Harrier (Breeding), Suisun Marsh"
7761344577,true,2018-07-20 21:02:00.000,-122.000183,38.192899,,,,,"SIMP07",44.0,,,,,false,4140.0,"gps","Circus cyaneus","48531091438","SIMP 07","Northern Harrier (Breeding), Suisun Marsh"
7761344578,true,2018-07-20 22:00:00.000,-121.998949,38.193833,,,,,"SIMP07",36.0,,,,,false,4140.0,"gps","Circus cyaneus","48531091438","SIMP 07","Northern Harrier (Breeding), Suisun Marsh"
7761344579,true,2018-07-20 23:00:00.000,-121.996283,38.193749,,,,,"SIMP07",39.0,,,,,false,4140.0,"gps","Circus cyaneus","48531091438","SIMP 07","Northern Harrier (Breeding), Suisun Marsh"
7761344580,true,2018-07-21 00:00:00.000,-122.025516,38.204933,,,,,"SIMP07",34.0,,,,,false,4140.0,"gps","Circus cyaneus","48531091438","SIMP 07","Northern Harrier (Breeding), Suisun Marsh"
7761344561,true,2018-07-21 01:02:00.000,-122.014066,38.195249,,,,,"SIMP07",31.0,,,,,false,4170.0,"gps","Circus cyaneus","48531091438","SIMP 07","Northern Harrier (Breeding), Suisun Marsh"
7761344562,true,2018-07-21 02:00:00.000,-122.00955,38.205283,,,,,"SIMP07",30.0,,,,,false,4170.0,"gps","Circus cyaneus","48531091438","SIMP 07","Northern Harrier (Breeding), Suisun Marsh"
7761344563,true,2018-07-21 03:00:00.000,-122.001433,38.191383,,,,,"SIMP07",27.0,,,,,false,4170.0,"gps","Circus cyaneus","48531091438","SIMP 07","Northern Harrier (Breeding), Suisun Marsh"
7761344564,true,2018-07-21 04:00:00.000,-122.000883,38.193466,,,,,"SIMP07",24.0,,,,,false,4170.0,"gps","Circus cyaneus","48531091438","SIMP 07","Northern Harrier (Breeding), Suisun Marsh"
7761344553,true,2018-07-21 12:02:00.000,-122.000066,38.194483,,,,,"SIMP07",27.0,,,,,false,4140.0,"gps","Circus cyaneus","48531091438","SIMP 07","Northern Harrier (Breeding), Suisun Marsh"
7761344554,true,2018-07-21 13:00:00.000,-122.0009,38.193299,,,,,"SIMP07",26.0,,,,,false,4140.0,"gps","Circus cyaneus","48531091438","SIMP 07","Northern Harrier (Breeding), Suisun Marsh"
7761344555,true,2018-07-21 14:00:00.000,-121.998549,38.194183,,,,,"SIMP07",25.0,,,,,false,4140.0,"gps","Circus cyaneus","48531091438","SIMP 07","Northern Harrier (Breeding), Suisun Marsh"
7761344556,true,2018-07-21 15:00:00.000,-121.999049,38.191716,,,,,"SIMP07",25.0,,,,,false,4140.0,"gps","Circus cyaneus","48531091438","SIMP 07","Northern Harrier (Breeding), Suisun Marsh"
7761338463,true,2018-07-21 16:02:00.000,-122.023349,38.202633,,,,,"SIMP07",26.0,,,,,false,4140.0,"gps","Circus cyaneus","48531091438","SIMP 07","Northern Harrier (Breeding), Suisun Marsh"
7761338464,true,2018-07-21 17:00:00.000,-122.001466,38.191366,,,,,"SIMP07",53.0,,,,,false,4140.0,"gps","Circus cyaneus","48531091438","SIMP 07","Northern Harrier (Breeding), Suisun Marsh"
7761338465,true,2018-07-21 18:00:00.000,-122.003333,38.195883,,,,,"SIMP07",46.0,,,,,false,4140.0,"gps","Circus cyaneus","48531091438","SIMP 07","Northern Harrier (Breeding), Suisun Marsh"
7761338466,true,2018-07-21 19:00:00.000,-121.998183,38.191249,,,,,"SIMP07",42.0,,,,,false,4140.0,"gps","Circus cyaneus","48531091438","SIMP 07","Northern Harrier (Breeding), Suisun Marsh"
7761338475,true,2018-07-21 20:02:00.000,-122.009183,38.196766,,,,,"SIMP07",41.0,,,,,false,4110.0,"gps","Circus cyaneus","48531091438","SIMP 07","Northern Harrier (Breeding), Suisun Marsh"
7761338476,true,2018-07-21 21:00:00.000,-121.995049,38.208466,,,,,"SIMP07",47.0,,,,,false,4110.0,"gps","Circus cyaneus","48531091438","SIMP 07","Northern Harrier (Breeding), Suisun Marsh"
7761338477,true,2018-07-21 22:00:00.000,-121.997116,38.193633,,,,,"SIMP07",43.0,,,,,false,4110.0,"gps","Circus cyaneus","48531091438","SIMP 07","Northern Harrier (Breeding), Suisun Marsh"
7761338478,true,2018-07-21 23:00:00.000,-121.997066,38.193683,,,,,"SIMP07",37.0,,,,,false,4110.0,"gps","Circus cyaneus","48531091438","SIMP 07","Northern Harrier (Breeding), Suisun Marsh"
7761338483,true,2018-07-22 00:02:00.000,-122.012883,38.196116,,,,,"SIMP07",34.0,,,,,false,4110.0,"gps","Circus cyaneus","48531091438","SIMP 07","Northern Harrier (Breeding), Suisun Marsh"
7761338484,true,2018-07-22 01:00:00.000,-121.995766,38.20315,,,,,"SIMP07",31.0,,,,,false,4110.0,"gps","Circus cyaneus","48531091438","SIMP 07","Northern Harrier (Breeding), Suisun Marsh"
7761338485,true,2018-07-22 02:00:00.000,-122.005583,38.195649,,,,,"SIMP07",30.0,,,,,false,4110.0,"gps","Circus cyaneus","48531091438","SIMP 07","Northern Harrier (Breeding), Suisun Marsh"
7761338486,true,2018-07-22 03:00:00.000,-122.005666,38.195616,,,,,"SIMP07",26.0,,,,,false,4110.0,"gps","Circus cyaneus","48531091438","SIMP 07","Northern Harrier (Breeding), Suisun Marsh"
7761344565,true,2018-07-22 04:02:00.000,-122.00085,38.193549,,,,,"SIMP07",25.0,,,,,false,4090.0,"gps","Circus cyaneus","48531091438","SIMP 07","Northern Harrier (Breeding), Suisun Marsh"
7761344566,true,2018-07-22 12:00:00.000,-122.002083,38.192766,,,,,"SIMP07",28.0,,,,,false,4090.0,"gps","Circus cyaneus","48531091438","SIMP 07","Northern Harrier (Breeding), Suisun Marsh"
7761344567,true,2018-07-22 13:00:00.000,-122.000233,38.194716,,,,,"SIMP07",22.0,,,,,false,4090.0,"gps","Circus cyaneus","48531091438","SIMP 07","Northern Harrier (Breeding), Suisun Marsh"
7761344568,true,2018-07-22 14:00:00.000,-122.000583,38.194716,,,,,"SIMP07",29.0,,,,,false,4090.0,"gps","Circus cyaneus","48531091438","SIMP 07","Northern Harrier (Breeding), Suisun Marsh"
7761344525,true,2018-07-22 15:02:00.000,-121.999933,38.194533,,,,,"SIMP07",44.0,,,,,false,4150.0,"gps","Circus cyaneus","48531091438","SIMP 07","Northern Harrier (Breeding), Suisun Marsh"
7761344526,true,2018-07-22 16:00:00.000,-122.001433,38.191316,,,,,"SIMP07",37.0,,,,,false,4150.0,"gps","Circus cyaneus","48531091438","SIMP 07","Northern Harrier (Breeding), Suisun Marsh"
7761344527,true,2018-07-22 17:00:00.000,-122.022882,38.203433,,,,,"SIMP07",27.0,,,,,false,4150.0,"gps","Circus cyaneus","48531091438","SIMP 07","Northern Harrier (Breeding), Suisun Marsh"
7761344528,true,2018-07-22 18:00:00.000,-122.013583,38.2066,,,,,"SIMP07",51.0,,,,,false,4150.0,"gps","Circus cyaneus","48531091438","SIMP 07","Northern Harrier (Breeding), Suisun Marsh"
7761344557,true,2018-07-22 19:02:00.000,-122.010616,38.195999,,,,,"SIMP07",54.0,,,,,false,4160.0,"gps","Circus cyaneus","48531091438","SIMP 07","Northern Harrier (Breeding), Suisun Marsh"
7761344558,true,2018-07-22 20:00:00.000,-121.991599,38.200983,,,,,"SIMP07",34.0,,,,,false,4160.0,"gps","Circus cyaneus","48531091438","SIMP 07","Northern Harrier (Breeding), Suisun Marsh"
7761344559,true,2018-07-22 21:00:00.000,-122.0017,38.192299,,,,,"SIMP07",40.0,,,,,false,4160.0,"gps","Circus cyaneus","48531091438","SIMP 07","Northern Harrier (Breeding), Suisun Marsh"
7761344560,true,2018-07-22 22:00:00.000,-122.015116,38.21405,,,,,"SIMP07",37.0,,,,,false,4160.0,"gps","Circus cyaneus","48531091438","SIMP 07","Northern Harrier (Breeding), Suisun Marsh"
7761344569,true,2018-07-22 23:02:00.000,-122.027816,38.199433,,,,,"SIMP07",35.0,,,,,false,4140.0,"gps","Circus cyaneus","48531091438","SIMP 07","Northern Harrier (Breeding), Suisun Marsh"
7761344570,true,2018-07-23 00:00:00.000,-122.004733,38.196349,,,,,"SIMP07",35.0,,,,,false,4140.0,"gps","Circus cyaneus","48531091438","SIMP 07","Northern Harrier (Breeding), Suisun Marsh"
7761344571,true,2018-07-23 01:00:00.000,-122.005616,38.195633,,,,,"SIMP07",33.0,,,,,false,4140.0,"gps","Circus cyaneus","48531091438","SIMP 07","Northern Harrier (Breeding), Suisun Marsh"
7761344572,true,2018-07-23 02:00:00.000,-122.003083,38.204016,,,,,"SIMP07",29.0,,,,,false,4140.0,"gps","Circus cyaneus","48531091438","SIMP 07","Northern Harrier (Breeding), Suisun Marsh"
7761344529,true,2018-07-23 03:02:00.000,-122.013733,38.196999,,,,,"SIMP07",26.0,,,,,false,4090.0,"gps","Circus cyaneus","48531091438","SIMP 07","Northern Harrier (Breeding), Suisun Marsh"
7761344530,true,2018-07-23 04:00:00.000,-122.000933,38.193616,,,,,"SIMP07",24.0,,,,,false,4090.0,"gps","Circus cyaneus","48531091438","SIMP 07","Northern Harrier (Breeding), Suisun Marsh"
7761344531,true,2018-07-23 12:00:00.000,-122.001466,38.192966,,,,,"SIMP07",21.0,,,,,false,4090.0,"gps","Circus cyaneus","48531091438","SIMP 07","Northern Harrier (Breeding), Suisun Marsh"
7761344532,true,2018-07-23 13:00:00.000,-122.01335,38.196516,,,,,"SIMP07",18.0,,,,,false,4090.0,"gps","Circus cyaneus","48531091438","SIMP 07","Northern Harrier (Breeding), Suisun Marsh"
7761338471,true,2018-07-23 14:02:00.000,-122.013566,38.196766,,,,,"SIMP07",24.0,,,,,false,4100.0,"gps","Circus cyaneus","48531091438","SIMP 07","Northern Harrier (Breeding), Suisun Marsh"
7761338472,true,2018-07-23 15:00:00.000,-122.00535,38.195683,,,,,"SIMP07",31.0,,,,,false,4100.0,"gps","Circus cyaneus","48531091438","SIMP 07","Northern Harrier (Breeding), Suisun Marsh"
7761338473,true,2018-07-23 16:00:00.000,-122.00525,38.194216,,,,,"SIMP07",32.0,,,,,false,4100.0,"gps","Circus cyaneus","48531091438","SIMP 07","Northern Harrier (Breeding), Suisun Marsh"
7761338474,true,2018-07-23 17:00:00.000,-122.00555,38.194233,,,,,"SIMP07",36.0,,,,,false,4100.0,"gps","Circus cyaneus","48531091438","SIMP 07","Northern Harrier (Breeding), Suisun Marsh"
7761344573,true,2018-07-23 18:02:00.000,-122.0121,38.196016,,,,,"SIMP07",44.0,,,,,false,4130.0,"gps","Circus cyaneus","48531091438","SIMP 07","Northern Harrier (Breeding), Suisun Marsh"
7761344574,true,2018-07-23 19:00:00.000,-121.997249,38.193366,,,,,"SIMP07",48.0,,,,,false,4130.0,"gps","Circus cyaneus","48531091438","SIMP 07","Northern Harrier (Breeding), Suisun Marsh"
7761344575,true,2018-07-23 20:00:00.000,-121.997383,38.193749,,,,,"SIMP07",49.0,,,,,false,4130.0,"gps","Circus cyaneus","48531091438","SIMP 07","Northern Harrier (Breeding), Suisun Marsh"
7761344576,true,2018-07-23 21:00:00.000,-121.997399,38.193749,,,,,"SIMP07",44.0,,,,,false,4130.0,"gps","Circus cyaneus","48531091438","SIMP 07","Northern Harrier (Breeding), Suisun Marsh"
7761344545,true,2018-07-23 22:02:00.000,-121.997399,38.193799,,,,,"SIMP07",50.0,,,,,false,4120.0,"gps","Circus cyaneus","48531091438","SIMP 07","Northern Harrier (Breeding), Suisun Marsh"
7761344546,true,2018-07-23 23:00:00.000,-122.010116,38.195249,,,,,"SIMP07",43.0,,,,,false,4120.0,"gps","Circus cyaneus","48531091438","SIMP 07","Northern Harrier (Breeding), Suisun Marsh"
7761344547,true,2018-07-24 00:00:00.000,-122.00565,38.195649,,,,,"SIMP07",37.0,,,,,false,4120.0,"gps","Circus cyaneus","48531091438","SIMP 07","Northern Harrier (Breeding), Suisun Marsh"
7761344548,true,2018-07-24 01:00:00.000,-122.003866,38.194916,,,,,"SIMP07",32.0,,,,,false,4120.0,"gps","Circus cyaneus","48531091438","SIMP 07","Northern Harrier (Breeding), Suisun Marsh"
